id,type,created_at,actor_login,actor_id,repo_name,repo_id,payload
1001,PushEvent,2024-01-01 10:00:00,alice-dev,101,acme/widget,501,"{""ref"":""refs/heads/main"",""size"":3}"
1002,PushEvent,2024-01-01 10:05:00,bob-builder,102,acme/widget,501,"{""ref"":""refs/heads/main"",""size"":1}"
1003,PushEvent,2024-01-01 11:00:00,dependabot[bot],103,acme/widget,501,"{""ref"":""refs/heads/main"",""size"":2}"
1004,PushEvent,2024-01-01 12:00:00,charlie,104,acme/api,502,"{""ref"":""refs/heads/dev"",""size"":5}"
1005,PushEvent,2024-01-01 13:00:00,charlie,104,acme/api,502,"{""ref"":""refs/heads/dev"",""size"":2}"
1006,PullRequestEvent,2024-01-01 14:00:00,dana,105,acme/widget,501,"{""action"":""opened""}"
1007,WatchEvent,2024-01-01 15:00:00,eve-fan,106,acme/widget,501,"{""action"":""started""}"
1008,PushEvent,2024-01-01 16:00:00,anonymous,107,bad-repo-no-slash,503,"{""ref"":""refs/heads/main"",""size"":1}"
1009,PushEvent,2024-01-01 17:00:00,travis-ci,108,acme/widget,501,"{""ref"":""refs/heads/main"",""size"":1}"
1010,PushEvent,2024-01-01 18:00:00,alice-dev,101,acme/docs,504,"{""ref"":""refs/heads/main"",""size"":10}"
1011,PushEvent,2024-01-02 09:00:00,alice-dev,101,acme/widget,501,"{""ref"":""refs/heads/main"",""size"":4}"
1012,PushEvent,2024-01-02 10:00:00,renovate-bot,109,acme/api,502,"{""ref"":""refs/heads/main"",""size"":1}"
1013,PullRequestEvent,2024-01-02 11:00:00,bob-builder,102,acme/api,502,"{""action"":""closed""}"
1014,WatchEvent,2024-01-02 12:00:00,eve-fan,106,acme/docs,504,"{""action"":""started""}"
1015,PushEvent,2024-01-02 13:00:00,frank,110,open-source/lib,505,"{""ref"":""refs/heads/main"",""size"":7}"
1001,PushEvent,2024-01-01 10:00:01,alice-dev,101,acme/widget,501,"{""ref"":""refs/heads/main"",""size"":3}"
1016,PushEvent,2024-01-02 14:00:00,snyk-bot,111,acme/widget,501,"{""ref"":""refs/heads/main"",""size"":1}"
1017,PushEvent,2024-01-02 15:00:00,grace,112,open-source/lib,505,"{""ref"":""refs/heads/feature"",""size"":2}"
1018,PushEvent,2024-01-02 16:00:00,grace,112,open-source/lib,505,"{""ref"":""refs/heads/feature"",""size"":2}"
1019,PushEvent,2024-01-03 08:00:00,hank,113,acme/widget,501,"{""ref"":""refs/heads/main"",""size"":6}"
1020,WatchEvent,2024-01-03 09:00:00,ivy,114,acme/api,502,"{""action"":""started""}"
